"film_id","title","rating","description"
537,"Lover Truman","G","A Emotional Yarn of a Robot And a Boy who must Outgun a Technical Writer in A U-Boat"
542,"Lust Lock","G","A Fanciful Panorama of a Hunter And a Dentist who must Meet a Secret Agent in The Sahara Desert"
212,"Darn Forrester","G","A Fateful Story of a A Shark And a Explorer who must Succumb a Technical Writer in A Jet Boat"
4,"Affair Prejudice","G","A Fanciful Documentary of a Frisbee And a Lumberjack who must Chase a Monkey in A Shark Tank"
216,"Day Unfaithful","G","A Stunning Documentary of a Composer And a Mad Scientist who must Find a Technical Writer in A U-Boat"
554,"Malkovich Pet","G","A Intrepid Reflection of a Waitress And a A Shark who must Kill a Squirrel in The Outback"
217,"Dazed Punk","G","A Action-Packed Story of a Pioneer And a Technical Writer who must Discover a Forensic Psychologist in An Abandoned Amusement Park"
224,"Desperate Trainspotting","G","A Epic Yarn of a Forensic Psychologist And a Teacher who must Face a Lumberjack in California"
559,"Married Go","G","A Fanciful Story of a Womanizer And a Dog who must Face a Forensic Psychologist in The Sahara Desert"
226,"Destiny Saturday","G","A Touching Drama of a Crocodile And a Crocodile who must Conquer a Explorer in Soviet Georgia"
567,"Meet Chocolate","G","A Boring Documentary of a Dentist And a Butler who must Confront a Monkey in A MySQL Convention"
569,"Menagerie Rushmore","G","A Unbelieveable Panorama of a Composer And a Butler who must Overcome a Database Administrator in The First Manned Space Station"
574,"Midnight Westward","G","A Taut Reflection of a Husband And a A Shark who must Redeem a Pastry Chef in A Monastery"
575,"Midsummer Groundhog","G","A Fateful Panorama of a Moose And a Dog who must Chase a Crocodile in Ancient Japan"
230,"Diary Panic","G","A Thoughtful Character Study of a Frisbee And a Mad Cow who must Outgun a Man in Ancient India"
89,"Borrowers Bedazzled","G","A Brilliant Epistle of a Teacher And a Sumo Wrestler who must Defeat a Man in An Abandoned Fun House"
581,"Minority Kiss","G","A Insightful Display of a Lumberjack And a Sumo Wrestler who must Meet a Man in The Outback"
585,"Mob Duffel","G","A Unbelieveable Documentary of a Frisbee And a Boat who must Meet a Boy in The Canadian Rockies"
237,"Divorce Shining","G","A Unbelieveable Saga of a Crocodile And a Student who must Discover a Cat in Ancient India"
238,"Doctor Grail","G","A Insightful Drama of a Womanizer And a Waitress who must Reach a Forensic Psychologist in The Outback"
239,"Dogma Family","G","A Brilliant Character Study of a Database Administrator And a Monkey who must Succumb a Astronaut in New Orleans"
247,"Downhill Enough","G","A Emotional Tale of a Pastry Chef And a Forensic Psychologist who must Succumb a Monkey in The Sahara Desert"
249,"Dracula Crystal","G","A Thrilling Reflection of a Feminist And a Cat who must Find a Frisbee in An Abandoned Fun House"
593,"Monterey Labyrinth","G","A Awe-Inspiring Drama of a Monkey And a Composer who must Escape a Feminist in A U-Boat"
5,"African Egg","G","A Fast-Paced Documentary of a Pastry Chef And a Dentist who must Pursue a Forensic Psychologist in The Gulf of Mexico"
597,"Moonwalker Fool","G","A Epic Drama of a Feminist And a Pioneer who must Sink a Composer in New Orleans"
598,"Mosquito Armageddon","G","A Thoughtful Character Study of a Waitress And a Feminist who must Build a Teacher in Ancient Japan"
257,"Drumline Cyclone","G","A Insightful Panorama of a Monkey And a Sumo Wrestler who must Outrace a Mad Scientist in The Canadian Rockies"
43,"Atlantis Cause","G","A Thrilling Yarn of a Feminist And a Hunter who must Fight a Technical Writer in A Shark Tank"
260,"Dude Blindness","G","A Stunning Reflection of a Husband And a Lumberjack who must Face a Frisbee in An Abandoned Fun House"
604,"Mulan Moon","G","A Emotional Saga of a Womanizer And a Pioneer who must Overcome a Dentist in A Baloon"
261,"Duffel Apocalypse","G","A Emotional Display of a Boat And a Explorer who must Challenge a Madman in A MySQL Convention"
264,"Dwarfs Alter","G","A Emotional Yarn of a Girl And a Dog who must Challenge a Composer in Ancient Japan"
271,"Easy Gladiator","G","A Fateful Story of a Monkey And a Girl who must Overcome a Pastry Chef in Ancient India"
609,"Muscle Bright","G","A Stunning Panorama of a Sumo Wrestler And a Husband who must Redeem a Madman in Ancient India"
95,"Breakfast Goldfinger","G","A Beautiful Reflection of a Student And a Student who must Fight a Moose in Berlin"
612,"Mussolini Spoilers","G","A Thrilling Display of a Boat And a Monkey who must Meet a Composer in Ancient China"
97,"Bride Intrigue","G","A Epic Tale of a Robot And a Monkey who must Vanquish a Man in New Orleans"
622,"Newsies Story","G","A Action-Packed Character Study of a Dog And a Lumberjack who must Outrace a Moose in The Gulf of Mexico"
46,"Autumn Crow","G","A Beautiful Tale of a Dentist And a Mad Cow who must Battle a Moose in The Sahara Desert"
280,"Empire Malkovich","G","A Amazing Story of a Feminist And a Cat who must Face a Car in An Abandoned Fun House"
626,"Noon Papi","G","A Unbelieveable Character Study of a Mad Scientist And a Astronaut who must Find a Pioneer in A Manhattan Penthouse"
281,"Encino Elf","G","A Astounding Drama of a Feminist And a Teacher who must Confront a Husband in A Baloon"
631,"Novocaine Flight","G","A Fanciful Display of a Student And a Teacher who must Outgun a Crocodile in Nigeria"
289,"Eve Resurrection","G","A Awe-Inspiring Yarn of a Pastry Chef And a Database Administrator who must Challenge a Teacher in A Baloon"
50,"Baked Cleopatra","G","A Stunning Drama of a Forensic Psychologist And a Husband who must Overcome a Waitress in A Monastery"
292,"Excitement Eve","G","A Brilliant Documentary of a Monkey And a Car who must Conquer a Crocodile in A Shark Tank"
638,"Operation Operation","G","A Intrepid Character Study of a Man And a Frisbee who must Overcome a Madman in Ancient China"
293,"Exorcist Sting","G","A Touching Drama of a Dog And a Sumo Wrestler who must Conquer a Mad Scientist in Berlin"
104,"Bugsy Song","G","A Awe-Inspiring Character Study of a Secret Agent And a Boat who must Find a Squirrel in The First Manned Space Station"
297,"Extraordinary Conquerer","G","A Stunning Story of a Dog And a Feminist who must Face a Forensic Psychologist in Berlin"
650,"Pacific Amistad","G","A Thrilling Yarn of a Dog And a Moose who must Kill a Pastry Chef in A Manhattan Penthouse"
653,"Panic Club","G","A Fanciful Display of a Teacher And a Crocodile who must Succumb a Girl in A Baloon"
654,"Panky Submarine","G","A Touching Documentary of a Dentist And a Sumo Wrestler who must Overcome a Boy in The Gulf of Mexico"
302,"Fantasia Park","G","A Thoughtful Documentary of a Mad Scientist And a A Shark who must Outrace a Feminist in Australia"
304,"Fargo Gandhi","G","A Thrilling Reflection of a Pastry Chef And a Crocodile who must Reach a Teacher in The Outback"
106,"Bulworth Commandments","G","A Amazing Display of a Mad Cow And a Pioneer who must Redeem a Sumo Wrestler in The Outback"
107,"Bunch Minds","G","A Emotional Story of a Feminist And a Feminist who must Escape a Pastry Chef in A MySQL Convention"
109,"Butterfly Chocolat","G","A Fateful Story of a Girl And a Composer who must Conquer a Husband in A Shark Tank"
313,"Fidelity Devil","G","A Awe-Inspiring Drama of a Technical Writer And a Composer who must Reach a Pastry Chef in A U-Boat"
119,"Caper Motions","G","A Fateful Saga of a Moose And a Car who must Pursue a Woman in A MySQL Convention"
318,"Firehouse Vietnam","G","A Awe-Inspiring Character Study of a Boat And a Boy who must Kill a Pastry Chef in The Sahara Desert"
678,"Pickup Driving","G","A Touching Documentary of a Husband And a Boat who must Meet a Pastry Chef in A Baloon Factory"
322,"Flatliners Killer","G","A Taut Display of a Secret Agent And a Waitress who must Sink a Robot in An Abandoned Mine Shaft"
126,"Casualties Encino","G","A Insightful Yarn of a A Shark And a Pastry Chef who must Face a Boy in A Monastery"
52,"Ballroom Mockingbird","G","A Thrilling Documentary of a Composer And a Monkey who must Find a Feminist in California"
123,"Casablanca Super","G","A Amazing Panorama of a Crocodile And a Forensic Psychologist who must Pursue a Secret Agent in The First Manned Space Station"
127,"Cat Coneheads","G","A Fast-Paced Panorama of a Girl And a A Shark who must Confront a Boy in Ancient India"
692,"Potluck Mixed","G","A Beautiful Story of a Dog And a Technical Writer who must Outgun a Student in A Baloon"
128,"Catch Amistad","G","A Boring Reflection of a Lumberjack And a Feminist who must Discover a Woman in Nigeria"
55,"Barbarella Streetcar","G","A Awe-Inspiring Story of a Feminist And a Cat who must Conquer a Dog in A Monastery"
697,"Primary Glass","G","A Fateful Documentary of a Pastry Chef And a Butler who must Build a Dog in The Canadian Rockies"
350,"Garden Island","G","A Unbelieveable Character Study of a Womanizer And a Madman who must Reach a Man in The Outback"
702,"Pulp Beverly","G","A Unbelieveable Display of a Dog And a Crocodile who must Outrace a Man in Nigeria"
56,"Barefoot Manchurian","G","A Intrepid Story of a Cat And a Student who must Vanquish a Girl in An Abandoned Amusement Park"
354,"Ghost Groundhog","G","A Brilliant Panorama of a Madman And a Composer who must Succumb a Car in Ancient India"
357,"Gilbert Pelican","G","A Fateful Tale of a Man And a Feminist who must Conquer a Crocodile in A Manhattan Penthouse"
58,"Beach Heartbreakers","G","A Fateful Display of a Womanizer And a Mad Scientist who must Outgun a A Shark in Soviet Georgia"
718,"Rebel Airport","G","A Intrepid Yarn of a Database Administrator And a Boat who must Outrace a Husband in Ancient India"
360,"Glass Dying","G","A Astounding Drama of a Frisbee And a Astronaut who must Fight a Dog in Ancient Japan"
366,"Goldfinger Sensibility","G","A Insightful Drama of a Mad Scientist And a Hunter who must Defeat a Pastry Chef in New Orleans"
154,"Clash Freddy","G","A Amazing Yarn of a Composer And a Squirrel who must Escape a Astronaut in Australia"
732,"Rings Heartbreakers","G","A Amazing Yarn of a Sumo Wrestler And a Boat who must Conquer a Waitress in New Orleans"
737,"Rock Instinct","G","A Astounding Character Study of a Robot And a Moose who must Overcome a Astronaut in Ancient India"
371,"Gosford Donnie","G","A Epic Panorama of a Mad Scientist And a Monkey who must Redeem a Secret Agent in Berlin"
373,"Graduate Lord","G","A Lacklusture Epistle of a Girl And a A Shark who must Meet a Mad Scientist in Ancient China"
757,"Sagebrush Clueless","G","A Insightful Story of a Lumberjack And a Hunter who must Kill a Boy in Ancient Japan"
758,"Saints Bride","G","A Fateful Tale of a Technical Writer And a Composer who must Pursue a Explorer in The Gulf of Mexico"
760,"Samurai Lion","G","A Fast-Paced Story of a Pioneer And a Astronaut who must Reach a Boat in A Baloon"
61,"Beauty Grease","G","A Fast-Paced Display of a Composer And a Moose who must Sink a Robot in An Abandoned Mine Shaft"
762,"Sassy Packer","G","A Fast-Paced Documentary of a Dog And a Teacher who must Find a Moose in A Manhattan Penthouse"
763,"Satisfaction Confidential","G","A Lacklusture Yarn of a Dentist And a Butler who must Meet a Secret Agent in Ancient China"
764,"Saturday Lambs","G","A Thoughtful Reflection of a Mad Scientist And a Moose who must Kill a Husband in A Baloon"
770,"Scissorhands Slums","G","A Awe-Inspiring Drama of a Girl And a Technical Writer who must Meet a Feminist in The Canadian Rockies"
376,"Grapes Fury","G","A Boring Yarn of a Mad Cow And a Sumo Wrestler who must Meet a Robot in Australia"
377,"Grease Youth","G","A Emotional Panorama of a Secret Agent And a Waitress who must Escape a Composer in Soviet Georgia"
2,"Ace Goldfinger","G","A Astounding Epistle of a Database Administrator And a Explorer who must Find a Car in Ancient China"
778,"Secrets Paradise","G","A Fateful Saga of a Cat And a Frisbee who must Kill a Girl in A Manhattan Penthouse"
140,"Cheaper Clyde","G","A Emotional Character Study of a Pioneer And a Girl who must Discover a Dog in Ancient Japan"
387,"Gun Bonnie","G","A Boring Display of a Sumo Wrestler And a Husband who must Build a Waitress in The Gulf of Mexico"
396,"Hanging Deep","G","A Action-Packed Yarn of a Boat And a Crocodile who must Build a Monkey in Berlin"
399,"Happiness United","G","A Action-Packed Panorama of a Husband And a Feminist who must Meet a Forensic Psychologist in Ancient Japan"
787,"Shining Roses","G","A Awe-Inspiring Character Study of a Astronaut And a Forensic Psychologist who must Challenge a Madman in Ancient India"
794,"Side Ark","G","A Stunning Panorama of a Crocodile And a Womanizer who must Meet a Feminist in The Canadian Rockies"
402,"Harper Dying","G","A Awe-Inspiring Reflection of a Woman And a Cat who must Confront a Feminist in The Sahara Desert"
22,"Amistad Midsummer","G","A Emotional Character Study of a Dentist And a Crocodile who must Meet a Sumo Wrestler in California"
805,"Sleepless Monsoon","G","A Amazing Saga of a Moose And a Pastry Chef who must Escape a Butler in Australia"
409,"Heartbreakers Bright","G","A Awe-Inspiring Documentary of a A Shark And a Dentist who must Outrace a Pastry Chef in The Canadian Rockies"
25,"Angels Life","G","A Thoughtful Display of a Woman And a Astronaut who must Battle a Robot in Berlin"
811,"Smile Earring","G","A Intrepid Drama of a Teacher And a Butler who must Build a Pastry Chef in Berlin"
412,"Heavyweights Beast","G","A Unbelieveable Story of a Composer And a Dog who must Overcome a Womanizer in An Abandoned Amusement Park"
816,"Snowman Rollercoaster","G","A Fateful Display of a Lumberjack And a Girl who must Succumb a Mad Cow in A Manhattan Penthouse"
828,"Spiking Element","G","A Lacklusture Epistle of a Dentist And a Technical Writer who must Find a Dog in A Monastery"
26,"Annie Identity","G","A Amazing Panorama of a Pastry Chef And a Boat who must Escape a Woman in An Abandoned Amusement Park"
834,"Spoilers Hellfighters","G","A Fanciful Story of a Technical Writer And a Squirrel who must Defeat a Dog in The Gulf of Mexico"
417,"Hills Neighbors","G","A Epic Display of a Hunter And a Feminist who must Sink a Car in A U-Boat"
419,"Hocus Frida","G","A Awe-Inspiring Tale of a Girl And a Madman who must Outgun a Student in A Shark Tank"
145,"Chisum Behavior","G","A Epic Documentary of a Sumo Wrestler And a Butler who must Kill a Car in Ancient India"
146,"Chitty Lock","G","A Boring Epistle of a Boat And a Database Administrator who must Kill a Sumo Wrestler in The First Manned Space Station"
430,"Hook Chariots","G","A Insightful Story of a Boy And a Dog who must Redeem a Boy in Australia"
848,"Stone Fire","G","A Intrepid Drama of a Astronaut And a Crocodile who must Find a Boat in Soviet Georgia"
853,"Stranger Strangers","G","A Awe-Inspiring Yarn of a Womanizer And a Explorer who must Fight a Woman in The First Manned Space Station"
431,"Hoosiers Birdcage","G","A Astounding Display of a Explorer And a Boat who must Vanquish a Car in The First Manned Space Station"
860,"Suicides Silence","G","A Emotional Character Study of a Car And a Girl who must Face a Composer in A U-Boat"
862,"Summer Scarface","G","A Emotional Panorama of a Lumberjack And a Hunter who must Meet a Girl in A Shark Tank"
75,"Bird Independence","G","A Thrilling Documentary of a Car And a Student who must Sink a Hunter in The Canadian Rockies"
440,"Hunger Roof","G","A Unbelieveable Yarn of a Student And a Database Administrator who must Outgun a Husband in An Abandoned Mine Shaft"
153,"Citizen Shrek","G","A Fanciful Character Study of a Technical Writer And a Husband who must Redeem a Robot in The Outback"
445,"Hyde Doctor","G","A Fanciful Documentary of a Boy And a Woman who must Redeem a Womanizer in A Jet Boat"
891,"Timberland Sky","G","A Boring Display of a Man And a Dog who must Redeem a Girl in A U-Boat"
873,"Sweethearts Suspects","G","A Brilliant Character Study of a Frisbee And a Sumo Wrestler who must Confront a Woman in The Gulf of Mexico"
156,"Clerks Angels","G","A Thrilling Display of a Sumo Wrestler And a Girl who must Confront a Man in A Baloon"
77,"Birds Perdition","G","A Boring Story of a Womanizer And a Pioneer who must Face a Dog in California"
878,"Teen Apollo","G","A Awe-Inspiring Drama of a Dog And a Man who must Escape a Robot in A Shark Tank"
467,"Intrigue Worst","G","A Fanciful Character Study of a Explorer And a Mad Scientist who must Vanquish a Squirrel in A Jet Boat"
165,"Coldblooded Darling","G","A Brilliant Panorama of a Dentist And a Moose who must Find a Student in The Gulf of Mexico"
166,"Color Philadelphia","G","A Thoughtful Panorama of a Car And a Crocodile who must Sink a Monkey in The Sahara Desert"
472,"Italian African","G","A Astounding Character Study of a Monkey And a Moose who must Outgun a Cat in A U-Boat"
475,"Japanese Run","G","A Awe-Inspiring Epistle of a Feminist And a Girl who must Sink a Girl in The Outback"
178,"Connection Microcosmos","G","A Fateful Documentary of a Crocodile And a Husband who must Face a Husband in The First Manned Space Station"
897,"Torque Bound","G","A Emotional Display of a Crocodile And a Husband who must Reach a Man in Ancient Japan"
901,"Tracy Cider","G","A Touching Reflection of a Database Administrator And a Madman who must Build a Lumberjack in Nigeria"
478,"Jaws Harry","G","A Thrilling Display of a Database Administrator And a Monkey who must Overcome a Dog in An Abandoned Fun House"
903,"Traffic Hobbit","G","A Amazing Epistle of a Squirrel And a Lumberjack who must Succumb a Database Administrator in A U-Boat"
179,"Conquerer Nuts","G","A Taut Drama of a Mad Scientist And a Man who must Escape a Pioneer in An Abandoned Mine Shaft"
908,"Trap Guys","G","A Unbelieveable Story of a Boy And a Mad Cow who must Challenge a Database Administrator in The Sahara Desert"
182,"Control Anthem","G","A Fateful Documentary of a Robot And a Student who must Battle a Cat in A Monastery"
11,"Alamo Videotape","G","A Boring Epistle of a Butler And a Cat who must Fight a Pastry Chef in A MySQL Convention"
490,"Jumanji Blade","G","A Intrepid Yarn of a Husband And a Womanizer who must Pursue a Mad Scientist in New Orleans"
915,"Truman Crazy","G","A Thrilling Epistle of a Moose And a Boy who must Meet a Database Administrator in A Monastery"
916,"Turn Star","G","A Stunning Tale of a Man And a Monkey who must Chase a Student in New Orleans"
80,"Blanket Beverly","G","A Emotional Documentary of a Student And a Girl who must Build a Boat in Nigeria"
919,"Tycoon Gathering","G","A Emotional Display of a Husband And a A Shark who must Succumb a Madman in A Manhattan Penthouse"
920,"Unbreakable Karate","G","A Amazing Character Study of a Robot And a Student who must Chase a Robot in Australia"
497,"Kill Brotherhood","G","A Touching Display of a Hunter And a Secret Agent who must Redeem a Husband in The Outback"
193,"Crossroads Casualties","G","A Intrepid Documentary of a Sumo Wrestler And a Astronaut who must Battle a Composer in The Outback"
932,"Valley Packer","G","A Astounding Documentary of a Astronaut And a Boy who must Outrace a Sumo Wrestler in Berlin"
82,"Blood Argonauts","G","A Boring Drama of a Explorer And a Man who must Kill a Lumberjack in A Manhattan Penthouse"
510,"Lawless Vision","G","A Insightful Yarn of a Boy And a Sumo Wrestler who must Outgun a Car in The Outback"
954,"Wake Jaws","G","A Beautiful Saga of a Feminist And a Composer who must Challenge a Moose in Berlin"
196,"Cruelty Unforgiven","G","A Brilliant Tale of a Car And a Moose who must Battle a Dentist in Nigeria"
957,"War Notting","G","A Boring Drama of a Teacher And a Sumo Wrestler who must Challenge a Secret Agent in The Canadian Rockies"
958,"Wardrobe Phantom","G","A Action-Packed Display of a Mad Cow And a Astronaut who must Kill a Car in Ancient India"
959,"Warlock Werewolf","G","A Astounding Yarn of a Pioneer And a Crocodile who must Defeat a A Shark in The Outback"
960,"Wars Pluto","G","A Taut Reflection of a Teacher And a Database Administrator who must Chase a Madman in The Sahara Desert"
83,"Blues Instinct","G","A Insightful Documentary of a Boat And a Composer who must Meet a Forensic Psychologist in An Abandoned Fun House"
202,"Daddy Pittsburgh","G","A Epic Story of a A Shark And a Student who must Confront a Explorer in The Gulf of Mexico"
964,"Waterfront Deliverance","G","A Unbelieveable Documentary of a Dentist And a Technical Writer who must Build a Womanizer in Nigeria"
965,"Watership Frontier","G","A Emotional Yarn of a Boat And a Crocodile who must Meet a Moose in Soviet Georgia"
519,"Liberty Magnificent","G","A Boring Drama of a Student And a Cat who must Sink a Technical Writer in A Baloon"
968,"Werewolf Lola","G","A Fanciful Story of a Man And a Sumo Wrestler who must Outrace a Student in A Monastery"
969,"West Lion","G","A Intrepid Drama of a Butler And a Lumberjack who must Challenge a Database Administrator in A Manhattan Penthouse"
203,"Daisy Menagerie","G","A Fast-Paced Saga of a Pastry Chef And a Monkey who must Sink a Composer in Ancient India"
39,"Armageddon Lost","G","A Fast-Paced Tale of a Boat And a Teacher who must Succumb a Composer in An Abandoned Mine Shaft"
529,"Lonely Elephant","G","A Intrepid Story of a Student And a Dog who must Challenge a Explorer in Soviet Georgia"
206,"Dancing Fever","G","A Stunning Story of a Explorer And a Forensic Psychologist who must Face a Crocodile in A Shark Tank"
85,"Bonnie Holocaust","G","A Fast-Paced Story of a Crocodile And a Robot who must Find a Moose in Ancient Japan"
996,"Young Language","G","A Unbelieveable Yarn of a Boat And a Database Administrator who must Meet a Boy in The First Manned Space Station"
912,"Trojan Tomorrow","PG","A Astounding Panorama of a Husband And a Sumo Wrestler who must Pursue a Boat in Ancient India"
914,"Trouble Date","PG","A Lacklusture Panorama of a Forensic Psychologist And a Woman who must Kill a Explorer in Ancient Japan"
918,"Twisted Pirates","PG","A Touching Display of a Frisbee And a Boat who must Kill a Girl in A MySQL Convention"
924,"Unforgiven Zoolander","PG","A Taut Epistle of a Monkey And a Sumo Wrestler who must Vanquish a A Shark in A Baloon Factory"
928,"Uptown Young","PG","A Fateful Documentary of a Dog And a Hunter who must Pursue a Teacher in An Abandoned Amusement Park"
950,"Volume House","PG","A Boring Tale of a Dog And a Woman who must Meet a Dentist in California"
952,"Wagon Jaws","PG","A Intrepid Drama of a Moose And a Boat who must Kill a Explorer in A Manhattan Penthouse"
955,"Walls Artist","PG","A Insightful Panorama of a Teacher And a Teacher who must Overcome a Mad Cow in An Abandoned Fun House"
962,"Wasteland Divine","PG","A Fanciful Story of a Database Administrator And a Womanizer who must Fight a Database Administrator in Ancient China"
963,"Watch Tracy","PG","A Fast-Paced Yarn of a Dog And a Frisbee who must Conquer a Hunter in Nigeria"
966,"Wedding Apollo","PG","A Action-Packed Tale of a Student And a Waitress who must Conquer a Lumberjack in An Abandoned Mine Shaft"
980,"Wizard Coldblooded","PG","A Lacklusture Display of a Robot And a Girl who must Defeat a Sumo Wrestler in A MySQL Convention"
983,"Won Dares","PG","A Unbelieveable Documentary of a Teacher And a Monkey who must Defeat a Explorer in A U-Boat"
985,"Wonderland Christmas","PG","A Awe-Inspiring Character Study of a Waitress And a Car who must Pursue a Mad Scientist in The First Manned Space Station"
987,"Words Hunter","PG","A Action-Packed Reflection of a Composer And a Mad Scientist who must Face a Pioneer in A MySQL Convention"
991,"Worst Banger","PG","A Thrilling Drama of a Madman And a Dentist who must Conquer a Boy in The Outback"
874,"Tadpole Park","PG","A Beautiful Tale of a Frisbee And a Moose who must Vanquish a Dog in An Abandoned Amusement Park"
6,"Agent Truman","PG","A Intrepid Panorama of a Robot And a Boy who must Escape a Sumo Wrestler in Ancient China"
12,"Alaska Phantom","PG","A Fanciful Saga of a Hunter And a Pastry Chef who must Vanquish a Boy in Australia"
13,"Ali Forever","PG","A Action-Packed Drama of a Dentist And a Crocodile who must Battle a Feminist in The Canadian Rockies"
19,"Amadeus Holy","PG","A Emotional Display of a Pioneer And a Technical Writer who must Battle a Man in A Baloon"
37,"Arizona Bang","PG","A Brilliant Panorama of a Mad Scientist And a Mad Cow who must Meet a Pioneer in A Monastery"
41,"Arsenic Independence","PG","A Fanciful Documentary of a Mad Cow And a Womanizer who must Find a Dentist in Berlin"
265,"Dying Maker","PG","A Intrepid Tale of a Boat And a Monkey who must Kill a Cat in California"
63,"Bedazzled Married","PG","A Astounding Character Study of a Madman And a Robot who must Meet a Mad Scientist in An Abandoned Fun House"
65,"Behavior Runaway","PG","A Unbelieveable Drama of a Student And a Husband who must Outrace a Sumo Wrestler in Berlin"
72,"Bill Others","PG","A Stunning Saga of a Mad Scientist And a Forensic Psychologist who must Challenge a Squirrel in A MySQL Convention"
74,"Birch Antitrust","PG","A Fanciful Panorama of a Husband And a Pioneer who must Outgun a Dog in A Baloon"
78,"Blackout Private","PG","A Intrepid Yarn of a Pastry Chef And a Mad Scientist who must Challenge a Secret Agent in Ancient Japan"
84,"Boiled Dares","PG","A Awe-Inspiring Story of a Waitress And a Dog who must Discover a Dentist in Ancient Japan"
88,"Born Spinal","PG","A Touching Epistle of a Frisbee And a Husband who must Pursue a Student in Nigeria"
91,"Bound Cheaper","PG","A Thrilling Panorama of a Database Administrator And a Astronaut who must Challenge a Lumberjack in A Baloon"
93,"Brannigan Sunrise","PG","A Amazing Epistle of a Moose And a Crocodile who must Outrace a Dog in Berlin"
99,"Bringing Hysterical","PG","A Fateful Saga of a A Shark And a Technical Writer who must Find a Woman in A Jet Boat"
103,"Bucket Brotherhood","PG","A Amazing Display of a Girl And a Womanizer who must Succumb a Lumberjack in A Baloon Factory"
121,"Carol Texas","PG","A Astounding Character Study of a Composer And a Student who must Overcome a Composer in A Monastery"
122,"Carrie Bunch","PG","A Amazing Epistle of a Student And a Astronaut who must Discover a Frisbee in The Canadian Rockies"
131,"Center Dinosaur","PG","A Beautiful Character Study of a Sumo Wrestler And a Dentist who must Find a Dog in California"
132,"Chainsaw Uptown","PG","A Beautiful Documentary of a Boy And a Robot who must Discover a Squirrel in Australia"
134,"Champion Flatliners","PG","A Amazing Story of a Mad Cow And a Dog who must Kill a Husband in A Monastery"
137,"Charade Duffel","PG","A Action-Packed Display of a Man And a Waitress who must Build a Dog in A MySQL Convention"
139,"Chasing Fight","PG","A Astounding Saga of a Technical Writer And a Butler who must Battle a Butler in A Shark Tank"
142,"Chicken Hellfighters","PG","A Emotional Drama of a Dog And a Explorer who must Outrace a Technical Writer in Australia"
143,"Chill Luck","PG","A Lacklusture Epistle of a Boat And a Technical Writer who must Fight a A Shark in The Canadian Rockies"
144,"Chinatown Gladiator","PG","A Brilliant Panorama of a Technical Writer And a Lumberjack who must Escape a Butler in Ancient India"
150,"Cider Desire","PG","A Stunning Character Study of a Composer And a Mad Cow who must Succumb a Cat in Soviet Georgia"
164,"Coast Rainbow","PG","A Astounding Documentary of a Mad Cow And a Pioneer who must Challenge a Butler in The Sahara Desert"
185,"Cowboy Doom","PG","A Astounding Drama of a Boy And a Lumberjack who must Fight a Butler in A Baloon"
188,"Crazy Home","PG","A Fanciful Panorama of a Boy And a Woman who must Vanquish a Database Administrator in The Outback"
194,"Crow Grease","PG","A Awe-Inspiring Documentary of a Woman And a Husband who must Sink a Database Administrator in The First Manned Space Station"
201,"Cyclone Family","PG","A Lacklusture Drama of a Student And a Monkey who must Sink a Womanizer in A MySQL Convention"
204,"Dalmations Sweden","PG","A Emotional Epistle of a Moose And a Hunter who must Overcome a Robot in A Manhattan Penthouse"
207,"Dangerous Uptown","PG","A Unbelieveable Story of a Mad Scientist And a Woman who must Overcome a Dog in California"
215,"Dawn Pond","PG","A Thoughtful Documentary of a Dentist And a Forensic Psychologist who must Defeat a Waitress in Berlin"
233,"Disciple Mother","PG","A Touching Reflection of a Mad Scientist And a Boat who must Face a Moose in A Shark Tank"
252,"Dream Pickup","PG","A Epic Display of a Car And a Composer who must Overcome a Forensic Psychologist in The Gulf of Mexico"
258,"Drums Dynamite","PG","A Epic Display of a Crocodile And a Crocodile who must Confront a Dog in An Abandoned Amusement Park"
273,"Effect Gladiator","PG","A Beautiful Display of a Pastry Chef And a Pastry Chef who must Outgun a Forensic Psychologist in A Manhattan Penthouse"
274,"Egg Igby","PG","A Beautiful Documentary of a Boat And a Sumo Wrestler who must Succumb a Database Administrator in The First Manned Space Station"
275,"Egypt Tenenbaums","PG","A Intrepid Story of a Madman And a Secret Agent who must Outrace a Astronaut in An Abandoned Amusement Park"
290,"Everyone Craft","PG","A Fateful Display of a Waitress And a Dentist who must Reach a Butler in Nigeria"
295,"Expendable Stallion","PG","A Amazing Character Study of a Mad Cow And a Squirrel who must Discover a Hunter in A U-Boat"
305,"Fatal Haunted","PG","A Beautiful Drama of a Student And a Secret Agent who must Confront a Dentist in Ancient Japan"
308,"Ferris Mother","PG","A Touching Display of a Frisbee And a Frisbee who must Kill a Girl in The Gulf of Mexico"
311,"Fiction Christmas","PG","A Emotional Yarn of a A Shark And a Student who must Battle a Robot in An Abandoned Mine Shaft"
317,"Fireball Philadelphia","PG","A Amazing Yarn of a Dentist And a A Shark who must Vanquish a Madman in An Abandoned Mine Shaft"
327,"Fool Mockingbird","PG","A Lacklusture Tale of a Crocodile And a Composer who must Defeat a Madman in A U-Boat"
336,"French Holiday","PG","A Thrilling Epistle of a Dog And a Feminist who must Kill a Madman in Berlin"
338,"Frisco Forrest","PG","A Beautiful Documentary of a Woman And a Pioneer who must Pursue a Mad Scientist in A Shark Tank"
341,"Frost Head","PG","A Amazing Reflection of a Lumberjack And a Cat who must Discover a Husband in A MySQL Convention"
343,"Full Flatliners","PG","A Beautiful Documentary of a Astronaut And a Moose who must Pursue a Monkey in A Shark Tank"
345,"Gables Metropolis","PG","A Fateful Display of a Cat And a Pioneer who must Challenge a Pastry Chef in A Baloon Factory"
351,"Gaslight Crusade","PG","A Amazing Epistle of a Boy And a Astronaut who must Redeem a Man in The Gulf of Mexico"
359,"Gladiator Westward","PG","A Astounding Reflection of a Squirrel And a Sumo Wrestler who must Sink a Dentist in Ancient Japan"
369,"Goodfellas Salute","PG","A Unbelieveable Tale of a Dog And a Explorer who must Sink a Mad Cow in A Baloon Factory"
374,"Graffiti Love","PG","A Unbelieveable Epistle of a Sumo Wrestler And a Hunter who must Build a Composer in Berlin"
380,"Greek Everyone","PG","A Stunning Display of a Butler And a Teacher who must Confront a A Shark in The First Manned Space Station"
382,"Grit Clockwork","PG","A Thoughtful Display of a Dentist And a Squirrel who must Confront a Lumberjack in A Shark Tank"
404,"Hate Handicap","PG","A Intrepid Reflection of a Mad Scientist And a Pioneer who must Overcome a Hunter in The First Manned Space Station"
410,"Heaven Freedom","PG","A Intrepid Story of a Butler And a Car who must Vanquish a Man in New Orleans"
414,"Hellfighters Sierra","PG","A Taut Reflection of a A Shark And a Dentist who must Battle a Boat in Soviet Georgia"
420,"Holes Brannigan","PG","A Fast-Paced Reflection of a Technical Writer And a Student who must Fight a Boy in The Canadian Rockies"
423,"Hollywood Anonymous","PG","A Fast-Paced Epistle of a Boy And a Explorer who must Escape a Dog in A U-Boat"
433,"Horn Working","PG","A Stunning Display of a Mad Scientist And a Technical Writer who must Succumb a Monkey in A Shark Tank"
443,"Hurricane Affair","PG","A Lacklusture Epistle of a Database Administrator And a Woman who must Meet a Hunter in An Abandoned Mine Shaft"
446,"Hysterical Grail","PG","A Amazing Saga of a Madman And a Dentist who must Build a Car in A Manhattan Penthouse"
463,"Instinct Airport","PG","A Touching Documentary of a Mad Cow And a Explorer who must Confront a Butler in A Manhattan Penthouse"
468,"Invasion Cyclone","PG","A Lacklusture Character Study of a Mad Scientist And a Womanizer who must Outrace a Explorer in A Monastery"
469,"Iron Moon","PG","A Fast-Paced Documentary of a Mad Cow And a Boy who must Pursue a Dentist in A Baloon"
477,"Jawbreaker Brooklyn","PG","A Stunning Reflection of a Boat And a Pastry Chef who must Succumb a A Shark in A Jet Boat"
479,"Jedi Beneath","PG","A Astounding Reflection of a Explorer And a Dentist who must Pursue a Student in Nigeria"
481,"Jekyll Frogmen","PG","A Fanciful Epistle of a Student And a Astronaut who must Kill a Waitress in A Shark Tank"
485,"Jersey Sassy","PG","A Lacklusture Documentary of a Madman And a Mad Cow who must Find a Feminist in Ancient Japan"
495,"Kentuckian Giant","PG","A Stunning Yarn of a Woman And a Frisbee who must Escape a Waitress in A U-Boat"
753,"Rush Goodfellas","PG","A Emotional Display of a Man And a Dentist who must Challenge a Squirrel in Australia"
506,"Lady Stage","PG","A Beautiful Character Study of a Woman And a Man who must Pursue a Explorer in A U-Boat"
515,"Legally Secretary","PG","A Astounding Tale of a A Shark And a Moose who must Meet a Womanizer in The Sahara Desert"
516,"Legend Jedi","PG","A Awe-Inspiring Epistle of a Pioneer And a Student who must Outgun a Crocodile in The Outback"
518,"Liaisons Sweet","PG","A Boring Drama of a A Shark And a Explorer who must Redeem a Waitress in The Canadian Rockies"
524,"Lion Uncut","PG","A Intrepid Display of a Pastry Chef And a Cat who must Kill a A Shark in Ancient China"
527,"Lola Agent","PG","A Astounding Tale of a Mad Scientist And a Husband who must Redeem a Database Administrator in Ancient Japan"
532,"Loser Hustler","PG","A Stunning Drama of a Robot And a Feminist who must Outgun a Butler in Nigeria"
536,"Lovely Jingle","PG","A Fanciful Yarn of a Crocodile And a Forensic Psychologist who must Discover a Crocodile in The Outback"
547,"Magic Mallrats","PG","A Touching Documentary of a Pastry Chef And a Pastry Chef who must Build a Mad Scientist in California"
551,"Maiden Home","PG","A Lacklusture Saga of a Moose And a Teacher who must Kill a Forensic Psychologist in A MySQL Convention"
552,"Majestic Floats","PG","A Thrilling Character Study of a Moose And a Student who must Escape a Butler in The First Manned Space Station"
555,"Mallrats United","PG","A Thrilling Yarn of a Waitress And a Dentist who must Find a Hunter in A Monastery"
557,"Manchurian Curtain","PG","A Stunning Tale of a Mad Cow And a Boy who must Battle a Boy in Berlin"
564,"Massage Image","PG","A Fateful Drama of a Frisbee And a Crocodile who must Vanquish a Dog in The First Manned Space Station"
576,"Mighty Luck","PG","A Astounding Epistle of a Mad Scientist And a Pioneer who must Escape a Database Administrator in A MySQL Convention"
577,"Mile Mulan","PG","A Lacklusture Epistle of a Cat And a Husband who must Confront a Boy in A MySQL Convention"
586,"Mockingbird Hollywood","PG","A Thoughtful Panorama of a Man And a Car who must Sink a Composer in Berlin"
589,"Modern Dorado","PG","A Awe-Inspiring Story of a Butler And a Sumo Wrestler who must Redeem a Boy in New Orleans"
590,"Money Harold","PG","A Touching Tale of a Explorer And a Boat who must Defeat a Robot in Australia"
591,"Monsoon Cause","PG","A Astounding Tale of a Crocodile And a Car who must Outrace a Squirrel in A U-Boat"
592,"Monster Spartacus","PG","A Fast-Paced Story of a Waitress And a Cat who must Fight a Girl in Australia"
595,"Moon Bunch","PG","A Beautiful Tale of a Astronaut And a Mad Cow who must Challenge a Cat in A Baloon Factory"
600,"Motions Details","PG","A Awe-Inspiring Reflection of a Dog And a Student who must Kill a Car in An Abandoned Fun House"
602,"Mourning Purple","PG","A Lacklusture Display of a Waitress And a Lumberjack who must Chase a Pioneer in New Orleans"
603,"Movie Shakespeare","PG","A Insightful Display of a Database Administrator And a Student who must Build a Hunter in Berlin"
605,"Mulholland Beast","PG","A Awe-Inspiring Display of a Husband And a Squirrel who must Battle a Sumo Wrestler in A Jet Boat"
607,"Muppet Mile","PG","A Lacklusture Story of a Madman And a Teacher who must Kill a Frisbee in The Gulf of Mexico"
608,"Murder Antitrust","PG","A Brilliant Yarn of a Car And a Database Administrator who must Escape a Boy in A MySQL Convention"
611,"Musketeers Wait","PG","A Touching Yarn of a Student And a Moose who must Fight a Mad Cow in Australia"
618,"Necklace Outbreak","PG","A Astounding Epistle of a Database Administrator And a Mad Scientist who must Pursue a Cat in California"
623,"Newton Labyrinth","PG","A Intrepid Character Study of a Moose And a Waitress who must Find a A Shark in Ancient India"
624,"Nightmare Chill","PG","A Brilliant Display of a Robot And a Butler who must Fight a Waitress in An Abandoned Mine Shaft"
628,"Northwest Polish","PG","A Boring Character Study of a Boy And a A Shark who must Outrace a Womanizer in The Outback"
635,"Oklahoma Jumanji","PG","A Thoughtful Drama of a Dentist And a Womanizer who must Meet a Husband in The Sahara Desert"
636,"Oleander Clue","PG","A Boring Story of a Teacher And a Monkey who must Succumb a Forensic Psychologist in A Jet Boat"
637,"Open African","PG","A Lacklusture Drama of a Secret Agent And a Explorer who must Discover a Car in A U-Boat"
639,"Opposite Necklace","PG","A Fateful Epistle of a Crocodile And a Moose who must Kill a Explorer in Nigeria"
644,"Oscar Gold","PG","A Insightful Tale of a Database Administrator And a Dog who must Face a Madman in Soviet Georgia"
645,"Others Soup","PG","A Lacklusture Documentary of a Mad Cow And a Madman who must Sink a Moose in The Gulf of Mexico"
656,"Papi Necklace","PG","A Fanciful Display of a Car And a Monkey who must Escape a Squirrel in Ancient Japan"
660,"Party Knock","PG","A Fateful Display of a Technical Writer And a Butler who must Battle a Sumo Wrestler in An Abandoned Mine Shaft"
662,"Paths Control","PG","A Astounding Documentary of a Butler And a Cat who must Find a Frisbee in Ancient China"
664,"Patriot Roman","PG","A Taut Saga of a Robot And a Database Administrator who must Challenge a Astronaut in California"
665,"Patton Interview","PG","A Thrilling Documentary of a Composer And a Secret Agent who must Succumb a Cat in Berlin"
668,"Peak Forever","PG","A Insightful Reflection of a Boat And a Secret Agent who must Vanquish a Astronaut in An Abandoned Mine Shaft"
670,"Pelican Comforts","PG","A Epic Documentary of a Boy And a Monkey who must Pursue a Astronaut in Berlin"
674,"Pet Haunting","PG","A Unbelieveable Reflection of a Explorer And a Boat who must Conquer a Woman in California"
679,"Pilot Hoosiers","PG","A Awe-Inspiring Reflection of a Crocodile And a Sumo Wrestler who must Meet a Forensic Psychologist in An Abandoned Mine Shaft"
680,"Pinocchio Simon","PG","A Action-Packed Reflection of a Mad Scientist And a A Shark who must Find a Feminist in California"
681,"Pirates Roxanne","PG","A Stunning Drama of a Woman And a Lumberjack who must Overcome a A Shark in The Canadian Rockies"
688,"Polish Brooklyn","PG","A Boring Character Study of a Database Administrator And a Lumberjack who must Reach a Madman in The Outback"
689,"Pollock Deliverance","PG","A Intrepid Story of a Madman And a Frisbee who must Outgun a Boat in The Sahara Desert"
693,"Potter Connecticut","PG","A Thrilling Epistle of a Frisbee And a Cat who must Fight a Technical Writer in Berlin"
695,"President Bang","PG","A Fateful Panorama of a Technical Writer And a Moose who must Battle a Robot in Soviet Georgia"
699,"Private Drop","PG","A Stunning Story of a Technical Writer And a Hunter who must Succumb a Secret Agent in A Baloon"
703,"Punk Divorce","PG","A Fast-Paced Tale of a Pastry Chef And a Boat who must Face a Frisbee in The Canadian Rockies"
706,"Queen Luke","PG","A Astounding Story of a Girl And a Boy who must Challenge a Composer in New Orleans"
713,"Rainbow Shock","PG","A Action-Packed Story of a Hunter And a Boy who must Discover a Lumberjack in Ancient India"
715,"Range Moonwalker","PG","A Insightful Documentary of a Hunter And a Dentist who must Confront a Crocodile in A Baloon"
719,"Records Zorro","PG","A Amazing Drama of a Mad Scientist And a Composer who must Build a Husband in The Outback"
727,"Resurrection Silverado","PG","A Epic Yarn of a Robot And a Explorer who must Challenge a Girl in A MySQL Convention"
729,"Rider Caddyshack","PG","A Taut Reflection of a Monkey And a Womanizer who must Chase a Moose in Nigeria"
743,"Room Roman","PG","A Awe-Inspiring Panorama of a Composer And a Secret Agent who must Sink a Composer in A Shark Tank"
755,"Sabrina Midnight","PG","A Emotional Story of a Squirrel And a Crocodile who must Succumb a Husband in The Sahara Desert"
761,"Santa Paris","PG","A Emotional Documentary of a Moose And a Car who must Redeem a Mad Cow in A Baloon Factory"
772,"Sea Virgin","PG","A Fast-Paced Documentary of a Technical Writer And a Pastry Chef who must Escape a Moose in A U-Boat"
776,"Secret Groundhog","PG","A Astounding Story of a Cat And a Database Administrator who must Build a Technical Writer in New Orleans"
777,"Secretary Rouge","PG","A Action-Packed Panorama of a Mad Cow And a Composer who must Discover a Robot in A Baloon Factory"
780,"Sensibility Rear","PG","A Emotional Tale of a Robot And a Sumo Wrestler who must Redeem a Pastry Chef in A Baloon Factory"
783,"Shane Darkness","PG","A Action-Packed Saga of a Moose And a Lumberjack who must Find a Woman in Berlin"
784,"Shanghai Tycoon","PG","A Fast-Paced Character Study of a Crocodile And a Lumberjack who must Build a Husband in An Abandoned Fun House"
785,"Shawshank Bubble","PG","A Lacklusture Story of a Moose And a Monkey who must Confront a Butler in An Abandoned Amusement Park"
798,"Silverado Goldfinger","PG","A Stunning Epistle of a Sumo Wrestler And a Man who must Challenge a Waitress in Ancient India"
802,"Sky Miracle","PG","A Epic Drama of a Mad Scientist And a Explorer who must Succumb a Waitress in An Abandoned Fun House"
806,"Sleepy Japanese","PG","A Emotional Epistle of a Moose And a Composer who must Fight a Technical Writer in The Outback"
810,"Slums Duck","PG","A Amazing Character Study of a Teacher And a Database Administrator who must Defeat a Waitress in A Jet Boat"
814,"Snatch Slipper","PG","A Insightful Panorama of a Woman And a Feminist who must Defeat a Forensic Psychologist in Berlin"
832,"Splash Gump","PG","A Taut Saga of a Crocodile And a Boat who must Conquer a Hunter in A Shark Tank"
836,"Squad Fish","PG","A Fast-Paced Display of a Pastry Chef And a Dog who must Kill a Teacher in Berlin"
837,"Stage World","PG","A Lacklusture Panorama of a Woman And a Frisbee who must Chase a Crocodile in A Jet Boat"
841,"Star Operation","PG","A Insightful Character Study of a Girl And a Car who must Pursue a Mad Cow in A Shark Tank"
844,"Steers Armageddon","PG","A Stunning Character Study of a Car And a Girl who must Succumb a Car in A MySQL Convention"
847,"Stock Glass","PG","A Boring Epistle of a Crocodile And a Lumberjack who must Outgun a Moose in Ancient China"
859,"Sugar Wonka","PG","A Touching Story of a Dentist And a Database Administrator who must Conquer a Astronaut in An Abandoned Amusement Park"
867,"Super Wyoming","PG","A Action-Packed Saga of a Pastry Chef And a Explorer who must Discover a A Shark in The Outback"
868,"Superfly Trip","PG","A Beautiful Saga of a Lumberjack And a Teacher who must Build a Technical Writer in An Abandoned Fun House"
869,"Suspects Quills","PG","A Emotional Epistle of a Pioneer And a Crocodile who must Battle a Man in A Manhattan Penthouse"
871,"Sweden Shining","PG","A Taut Documentary of a Car And a Robot who must Conquer a Boy in The Canadian Rockies"
1,"Academy Dinosaur","PG","A Epic Drama of a Feminist And a Mad Scientist who must Battle a Teacher in The Canadian Rockies"
875,"Talented Homicide","PG","A Lacklusture Panorama of a Dentist And a Forensic Psychologist who must Outrace a Pioneer in A U-Boat"
879,"Telegraph Voyage","PG","A Fateful Yarn of a Husband And a Dog who must Battle a Waitress in A Jet Boat"
881,"Temple Attraction","PG","A Action-Packed Saga of a Forensic Psychologist And a Woman who must Battle a Womanizer in Soviet Georgia"
883,"Tequila Past","PG","A Action-Packed Panorama of a Mad Scientist And a Robot who must Challenge a Student in Nigeria"
893,"Titans Jerk","PG","A Unbelieveable Panorama of a Feminist And a Sumo Wrestler who must Challenge a Technical Writer in Ancient China"
894,"Tomatoes Hellfighters","PG","A Thoughtful Epistle of a Madman And a Astronaut who must Overcome a Monkey in A Shark Tank"
896,"Tootsie Pilot","PG","A Awe-Inspiring Documentary of a Womanizer And a Pastry Chef who must Kill a Lumberjack in Berlin"
902,"Trading Pinocchio","PG","A Emotional Character Study of a Student And a Explorer who must Discover a Frisbee in The First Manned Space Station"
906,"Tramp Others","PG","A Brilliant Display of a Composer And a Cat who must Succumb a A Shark in Ancient India"
910,"Treatment Jekyll","PG","A Boring Story of a Teacher And a Student who must Outgun a Cat in An Abandoned Mine Shaft"
